{
    "decision-tree-endagorion.cpp": {
        "verdict": "model_solution"
    },
    "decision-tree-endagorion.java": {
        "verdict": "correct"
    },
    "mixed-fixed-phases-dectree-randomized-liti.cpp": {
        "verdict": "correct"
    },
    "trivial-one-by-one.cpp": {
        "verdict": "partially_correct"
    },
    "trivial-one-by-one.java": {
        "verdict": "partially_correct"
    },
    "trivial-one-by-one.py": {
        "verdict": "partially_correct"
    },
    "two-by-one-liti.cpp": {
        "verdict": "partially_correct"
    },
    "two-by-one-counts-kian.cpp": {
        "verdict": "partially_correct"
    },
    "two-by-one-counts-kian.java": {
        "verdict": "partially_correct"
    },
    "two-by-one-types-kian.cpp": {
        "verdict": "partially_correct"
    },
    "two-by-one-types-kian.java": {
        "verdict": "partially_correct"
    },
    "separate-fixed-phases-kian.cpp": {
        "verdict": "partially_correct"
    },
    "separate-fixed-phases-kian.java": {
        "verdict": "partially_correct"
    },
    "separate-dynamic-phases-kian.cpp": {
        "verdict": "partially_correct"
    },
    "separate-dynamic-phases-kian.java": {
        "verdict": "partially_correct"
    },
    "mixed-fixed-phases-kian.cpp": {
        "verdict": "partially_correct"
    },
    "mixed-fixed-phases-kian.java": {
        "verdict": "partially_correct"
    },
    "mixed-dynamic-phases-kian.cpp": {
        "verdict": "partially_correct"
    },
    "mixed-fixed-phases-liti.cpp": {
        "verdict": "partially_correct"
    },
    "mixed-dynamic-phases-kian.java": {
        "verdict": "partially_correct"
    },
    "mixed-dynamic-phases-kian.py": {
        "verdict": "partially_correct"
    },
    "two-phase-detect-then-count.cpp": {
        "verdict": "partially_correct"
    },
    "two-phase-detect-then-count-randomized.cpp": {
        "verdict": "partially_correct"
    },
    "parallel-one-by-one-linear.cpp": {
        "verdict": "partially_correct"
    },
    "parallel-one-by-one-linear.java": {
        "verdict": "partially_correct"
    },
    "parallel-one-by-one-linear.py": {
        "verdict": "partially_correct"
    },
    "parallel-one-by-one-divnconq.cpp": {
        "verdict": "partially_correct"
    },
    "parallel-one-by-one-divnconq.java": {
        "verdict": "partially_correct"
    },
    "parallel-one-by-one-divnconq.py": {
        "verdict": "partially_correct"
    }
}
